,Coef.,Std.Err.,z,P>|z|,[0.025,0.975]
const,-1.8369865832364318,1.5248713329661612,-1.204683007361118,0.22832569838429706,-4.825679476907693,1.151706310434829
pbc,0.4441683179527273,0.20460789897110304,2.1708268360424228,0.029944264556183868,0.04314420501695537,0.8451924308884993
gender,0.5830038441731265,0.3404017712345335,1.7126933331126601,0.08676897229970744,-0.08417136772020184,1.2501790560664547
age,0.0,0.013546818618109762,-0.7557606089603064,0.44979273796587105,-0.03678942848488925,0.01631312470829435
income,0.00016550559780019114,7.220953089827039e-05,2.2920187368805554,0.02190456200239905,2.3977517899048954e-05,0.0003070336777013333
freq_work,0.2836180293047484,0.11038782180118271,2.5692873061266406,0.01019079286513064,0.06726187424260488,0.4999741843668919
bikelane,-0.4459618165302747,0.22359571018919788,-1.9945007717407433,0.04609735571798311,-0.8842013555987582,-0.0077222774617912715
pedestz,114.62270663511434,42.472151082181966,2.6987732835411102,0.006959557051723042,31.37882016809381,197.86659310213486
park,0.0,1.6328503990832728,0.686985212245546,0.4920920471766297,-2.0785838963656222,4.322072052324515
