,Coef.,Std.Err.,z,P>|z|,[0.025,0.975]
const,-0.6047018815722411,1.477531216493982,-0.4092650461945107,0.6823451638905258,-3.500609851934099,2.2912060887896173
pbc,0.4251873557580298,0.21430916905467653,1.9839905013562535,0.04725689884055604,0.005149102854157928,0.8452256086619017
gender,1.6555949648544763,0.39668688939608016,4.173556044100599,2.998818490566847e-05,0.8781029484989353,2.4330869812100175
age,0.0,0.013190615974918845,-1.2579311083038247,0.20841667213533355,-0.04244601841727942,0.009260246072199833
income,0.0,6.981089153569123e-05,1.1561744983065334,0.2476097886131795,-5.611326064097729e-05,0.00021754040563619657
freq_leisure,0.15618223322960814,0.0957181595519114,1.6316886363125787,0.10274509515524007,-0.03142191215859677,0.343786378617813
bikelane,-0.5213769901159313,0.25310046619622484,-2.059960607546712,0.03940230685659629,-1.0174447883308293,-0.0253091919010332
pedestz,161.47300300902882,51.31022871079492,3.146994411565686,0.0016495811458971553,60.90680269735773,262.0392033206999
park,0.0,1.835119464343366,0.446530043297146,0.655214415898383,-2.7773320835727544,4.416204031310111
