,Coef.,Std.Err.,z,P>|z|,[0.025,0.975]
const,-4.541782880548036,1.5293709474703463,-2.9697065241499225,0.0029808437048721146,-7.539294856591813,-1.5442709045042582
pbc,0.949768390519712,0.2341124079419267,4.0568904436509365,4.973039474982284e-05,0.4909165026195867,1.4086202784198372
gender,0.7579363227984036,0.3329494543040248,2.2764305902910786,0.022820250521580564,0.10536738369025056,1.4105052619065566
age,0.0,0.012673884079808285,0.9334509963953038,0.35058716058481654,-0.013009906618164181,0.036670806063155426
income,9.024802232053707e-05,7.022139126899708e-05,1.285192740981505,0.19872493964511018,-4.73833755109926e-05,0.00022787942015206673
freq_services,0.0,0.082539060616527,-0.35093002993170924,0.7256408418267893,-0.19073902113885427,0.13280815111346833
bikelane,0.0,0.21192549775443956,-0.6256290018967172,0.531558311517387,-0.5479530806410007,0.28277960536785063
pedestz,76.05670210934568,41.067616198245034,1.8519872627181087,0.06402765196765381,-4.4343465701283264,156.54775078881968
park,3.075788530913493,1.7546515980303588,1.7529340493384238,0.0796133281880352,-0.3632654066416623,6.514842468468649
