,Coef.,Std.Err.,z,P>|z|,[0.025,0.975]
const,0.05088737526689336,2.09486431554038,0.024291489854208877,0.98062010124224,-4.054971235690402,4.156745986224189
pbc,-0.8312420572799956,0.31349844071412986,-2.6515030039271585,0.008013440018044847,-1.4456877102891554,-0.21679640427083569
gender,0.7774473327951392,0.4665575816737286,1.6663480850662094,0.09564410454696678,-0.1369887239994736,1.691883389589752
age,0.03680764816723948,0.018031056983369608,2.0413472266871477,0.04121632598121266,0.0014674258766456116,0.07214787045783334
income,0.0,0.00010034081878847352,0.573287063697588,0.5664503429349377,-0.00013914029763241234,0.00025418848437692385
freq_work,0.34533800866514097,0.1764735507377352,1.9568825312432363,0.05036128082154118,-0.0005437950047219586,0.691219812335004
bikelane,-0.6086238446972819,0.30071824455473145,-2.023900630300836,0.042980377081568516,-1.1980207735186639,-0.019226915875900086
pedestz,83.32872851275351,48.23046967531801,1.7277196152911831,0.08403850508825028,-11.201255008321027,177.85871203382806
park,-5.585315381716008,2.968459618457117,-1.8815534316141465,0.059896674115254164,-11.403389323453467,0.2327585600214519
