,Coef.,Std.Err.,z,P>|z|,[0.025,0.975]
const,0.8182148828919729,1.399606915184049,0.5846033439927505,0.558814458676141,-1.924964263381969,3.561394029165915
pbc,-0.7379125714143918,0.22850209598581545,-3.2293470579814665,0.001240732251196789,-1.1857684499385046,-0.2900566928902791
gender,0.0,0.4065472734323755,0.6327373575163949,0.5269051700374363,-0.539580366443317,1.05405566143751
age,0.023168392895880803,0.012754348029158882,1.8165093851064296,0.06929226960125541,-0.0018296698875600245,0.04816645567932163
income,0.00012288447142836024,7.970520278737321e-05,1.5417371404997848,0.12313748270855632,-3.333485541535277e-05,0.0002791037982720733
freq_services,0.0,0.08313028307956835,-0.14365623204629877,0.8857719343753105,-0.1748745440967264,0.15099017762442044
bikelane,-0.44243598420591207,0.25439435839964,-1.7391737261361304,0.0820042094852116,-0.941039764539381,0.056167796127556846
pedestz,0.0,47.1775586859276,1.0907021031229522,0.2754039849009027,-41.009653423995154,143.92297838189063
park,0.0,1.7545354699000342,-0.17591102193910924,0.860363846127679,-3.7474684581406574,3.130184203063597
