,Coef.,Std.Err.,z,P>|z|,[0.025,0.975]
const,0.3863637342779427,1.2274705715524397,0.3147641525851739,0.7529407313041796,-2.0194343780476345,2.79216184660352
pbc,-0.6359600816380275,0.20706687442163638,-3.071278703628204,0.0021314409626924094,-1.041803697895713,-0.23011646538034208
gender,0.0,0.3438312372889494,1.2636483334925295,0.206356277219794,-0.23941507184333072,1.1083786118490413
age,0.034193415435015945,0.011790897684920183,2.899984068112742,0.0037318162753005694,0.011083680627175685,0.057303150242856205
income,0.0,7.108530232325396e-05,1.2685168641622975,0.2046134321937828,-4.9151727592596216e-05,0.00022949753717484218
freq_leisure,0.0,0.08688713773707489,0.31529734789648567,0.7525358984627631,-0.14290037658962143,0.19769094477925417
bikelane,0.0,0.23766681201400078,-1.2155882258206088,0.22414182160535767,-0.7547233702204323,0.1769134135153536
pedestz,53.465314969046496,40.7245748413514,1.3128513969103062,0.1892330271166751,-26.353385005708226,133.28401494380122
park,0.0,1.6088273313174446,-1.0523327290079079,0.29264692065394626,-4.846265282793676,1.4602219706580841
