,Coef.,Std.Err.,t,P>|t|,[0.025,0.975],Resid.Std.,Avg.
const,4.568238288661678,0.5922127295372197,7.71384683377457,7.745138334829814e-13,3.3997527816183393,5.736723795705016,2.0952494178816283,3.89247311827957
gender,-0.33415795418603506,0.3141901032701583,-1.0635534051138056,0.28894014097719245,-0.9540814442037489,0.2857655358316788,2.0952494178816283,3.89247311827957
age,-0.010239309358751527,0.010816213599421894,-0.9466630133209276,0.34506570226331157,-0.03158060818879504,0.011101989471291984,2.0952494178816283,3.89247311827957
income,-1.4863776738789312e-05,6.115554685640548e-05,-0.2430487094439655,0.8082413712977374,-0.0001355288124817072,0.00010580125900412857,2.0952494178816283,3.89247311827957
