,Coef.,Std.Err.,t,P>|t|,[0.025,0.975],Resid.Std.,Avg.
const,5.364006912617711,0.42085217649555146,12.745584345752837,5.247199966369096e-27,4.533630184263731,6.194383640971691,1.4889755552968085,3.486559139784946
gender,-0.17522808482461788,0.22327718098517818,-0.784800686086457,0.4335907814894675,-0.6157727354580964,0.2653165658088606,1.4889755552968085,3.486559139784946
age,-0.04903651386182737,0.007686472795535203,-6.379585951349614,1.427257041742575e-09,-0.06420257094554513,-0.03387045677810962,1.4889755552968085,3.486559139784946
income,0.00012618858897933016,4.345979698782608e-05,2.903570603762323,0.004145953329925854,4.043875553855992e-05,0.0002119384224201004,1.4889755552968085,3.486559139784946
