,Coef.,Std.Err.,t,P>|t|,[0.025,0.975],Resid.Std.,Avg.
const,3.162728541557851,0.5887946358020153,5.371530834770261,2.3641393444302413e-07,2.0009872208382733,4.324469862277429,2.0831561977400272,3.9301075268817205
gender,-0.28875117090367786,0.31237668189286,-0.9243685192952869,0.35651842727194316,-0.9050966280763506,0.3275942862689949,2.0831561977400272,3.9301075268817205
age,0.022578772819224477,0.010753785302799988,2.0996116421764146,0.03714174698731497,0.0013606502672206186,0.043796895371228335,2.0831561977400272,3.9301075268817205
income,-4.0331805257585226e-05,6.080257337043155e-05,-0.6633239848561852,0.5079623750722315,-0.0001603003946356075,7.963678412043706e-05,2.0831561977400272,3.9301075268817205
