,Coef.,Std.Err.,t,P>|t|,[0.025,0.975],Resid.Std.,Avg.
const,0.6380231551518862,0.31368526183759116,2.0339596174021692,0.043375906786805064,0.019184834841033727,1.2568614754627387,0.7353740595135686,3.2127659574468086
pn,0.6410336700239858,0.07694823241894654,8.330713388370798,1.7241630387371464e-14,0.4892301883363948,0.7928371517115769,0.7353740595135686,3.2127659574468086
