,Coef.,Std.Err.,t,P>|t|,[0.025,0.975],Resid.Std.,Avg.
const,0.5622449007684782,0.2194182219085439,2.562434860140415,0.011190125082715774,0.1293612851148242,0.9951285164221322,0.4490799412538926,4.0165484633569735
kn_aw,0.6779784225329644,0.05553647669628544,12.207804003135672,1.5971902859721938e-25,0.5684121767406097,0.787544668325319,0.4490799412538926,4.0165484633569735
sn,0.228522667028438,0.04129537973464637,5.533855566818047,1.0592986598195567e-07,0.14705225343272796,0.309993080624148,0.4490799412538926,4.0165484633569735
