,Coef.,Std.Err.,z,P>|z|,[0.025,0.975]
const,-0.32830483884884376,1.8296902242927908,-0.17943192486353238,0.8575985657279153,-3.9144317813277274,3.2578221036300397
pbc,0.7193455704634334,0.37422917458631194,1.9222060152275062,0.05457984024329188,-0.014130133689890134,1.452821274616757
gender,-1.134052529272597,0.6665499616156273,-1.7013766327790438,0.08887228627492887,-2.4404664479357816,0.17236138939058798
age,0.0,0.02216150989106689,0.03214824604272091,0.9743538284962981,-0.04272330755686307,0.04414821490217549
income,0.0,0.00011214595566122023,-0.5039957176578329,0.6142643862661139,-0.00027632311551371765,0.00016328095270191722
freq_leisure,0.0,0.1119080960338298,-0.8934291169725492,0.3716274157034608,-0.31931778922633985,0.11935388638317228
bikelane,0.3898753169381317,0.3380907770698789,1.1531675614373522,0.24884161518855574,-0.27277042962399123,1.0525210635002546
pedestz,0.0,81.65655121674632,-0.1659740521759031,0.868177370289531,-173.59676817872565,146.49103079442057
park,3.383059023518604,2.3555423330937804,1.4362123643412847,0.1509419217847123,-1.233719113404657,7.999837160441865
