,Coef.,Std.Err.,z,P>|z|,[0.025,0.975]
const,-3.310504685026849,1.4553086104794117,-2.2747784636114354,0.022919222798000558,-6.162857147957526,-0.4581522220961718
pbc,0.5013403758072555,0.23812471768555368,2.1053689036569527,0.03525920846761493,0.03462450531480227,0.9680562462997089
gender,0.0,0.3804218658900672,-0.48022300716691935,0.6310688289166756,-0.9283004885058368,0.5629258236462795
age,0.057093552882280844,0.016058341792806154,3.5553828420726306,0.0003774291030524683,0.02561978131694642,0.08856732444761527
income,-0.0001278698943996393,7.769350503891279e-05,-1.6458247614854764,0.09979984277291527,-0.0002801463661085896,2.440657730931099e-05
freq_services,0.0,0.08620805706165537,-0.6865929410465555,0.49233927801310096,-0.22815453045788964,0.10977484357814715
bikelane,0.39942704038522503,0.23837119430256967,1.675651462643694,0.09380648225511795,-0.06777191539961086,0.8666259961700609
pedestz,-68.49938399451244,46.38467546985213,-1.476767559558196,0.13973795524718546,-159.41167735000113,22.41290936097623
park,0.0,1.6532588082358302,0.22622687120071935,0.821024972108151,-2.866316153793617,3.6143392887380608
