,Coef.,Std.Err.,z,P>|z|,[0.025,0.975]
const,-1.8911288274598481,1.9019175038232004,-0.9943274740667432,0.3200634642661575,-5.6188186365196415,1.836560981599945
pbc,0.44214764584486055,0.2743501467891547,1.6116180400102451,0.10704508258830038,-0.09556876101515976,0.9798640527048809
gender,-0.7552218755268624,0.4720964760542263,-1.5997193663443392,0.10966085361599748,-1.6805139658214219,0.17007021476769713
age,-0.019823879167250993,0.015936014491087957,-1.2439671900610585,0.21351163859723776,-0.05105789362689179,0.011410135292389802
income,0.0,9.372491998119612e-05,-0.9644147323937257,0.33483803896791653,-0.00027408716123933146,9.330777399475427e-05
freq_work,0.6025459182213877,0.15670413608628236,3.8451181523991287,0.0001204943655929625,0.29541145526381085,0.9096803811789645
bikelane,0.0,0.2793020398427227,1.0196808209079402,0.3078798605089057,-0.262623005632218,0.8322208721683975
pedestz,0.0,70.62916190978757,0.5928181261082139,0.5533028756984923,-96.56036618947797,180.30086101338577
park,2.8667899956549117,2.3144067237984665,1.2386716501366963,0.21546712169267546,-1.6693638285674228,7.402943819877246
