,Coef.,Std.Err.,t,P>|t|,[0.025,0.975],Resid.Std.,Avg.
const,2.647992473646685,0.11794942284468957,22.45023680305279,1.8557018601329625e-54,2.4152768569910896,2.88070809030228,0.8510132471199376,2.692652329749104
gender,-0.23002216885168558,0.12717387835675228,-1.8087218210521183,0.07213567069705755,-0.4809377461431918,0.020893408439820627,0.8510132471199376,2.692652329749104
income,3.9462042928102055e-05,2.483412476520752e-05,1.5890249123411093,0.11378093409916291,-9.535981135543926e-06,8.846006699174804e-05,0.8510132471199376,2.692652329749104
