,Coef.,Std.Err.,z,P>|z|,[0.025,0.975]
const,1.3507759030685729,1.9830748718892819,0.6811522460479187,0.49577516096565544,-2.5359794244808014,5.237531230617947
pbc,0.6179465477292039,0.30983658276828363,1.9944273274900703,0.04610537454255951,0.010678004410404451,1.2252150910480033
gender,0.0,0.6592730308412285,-1.234161317689593,0.21714279841798678,-2.105800668887594,0.47850212396715
age,0.0,0.020459224541274044,-0.48077385487964325,0.6306772341079344,-0.04993560350307166,0.030263083001958613
income,0.0,9.796100437892872e-05,-0.494317565454525,0.6210819217160053,-0.00024042388566614294,0.0001435761952779987
freq_leisure,0.0,0.14540279153267296,-0.42965402621417204,0.6674473306497473,-0.3474571294604174,0.22251133985083169
bikelane,0.0,0.30855922896952137,-0.3508991456980752,0.7256640124199538,-0.7130381457203717,0.4964918060350481
pedestz,144.00847882150515,93.90059990258614,1.533626824225848,0.12512148529576095,-40.03331511426899,328.0502727572793
park,0.0,2.715082734989894,0.6091361604834111,0.5424341909464878,-3.667609303040157,6.975319448213243
