,Coef.,Std.Err.,z,P>|z|,[0.025,0.975]
const,2.450066904925459,3.2360413954747513,0.7571185301744312,0.44897885344180644,-3.8924576826857913,8.79259149253671
pbc,1.006006403390122,0.38018645819891916,2.6460868915635194,0.00814288969672265,0.26085463791039765,1.7511581688698463
gender,0.0,1.2517380476374098,0.9916187158027817,0.32138355594010215,-1.2121146161281162,3.694608366767495
age,0.0,0.030175922674318675,-1.2407890422045345,0.21468369026631484,-0.09658567583463615,0.02170176744922423
income,0.0,0.0002652398292960063,0.8447937325336902,0.3982260145368659,-0.00029578756727815223,0.0007439334580932962
freq_services,0.13908025410263516,0.09153541503454499,1.5194146882946562,0.1286581470527591,-0.040325862674999186,0.31848637088026954
bikelane,-0.7247655624879764,0.4703513896062334,-1.5409023519516596,0.12334055334153901,-1.6466373461945611,0.1971062212186082
pedestz,123.89902269077687,72.64432367254346,1.705556833996729,0.08809062207324532,-18.481235388678797,266.27928077023256
park,0.0,4.1065468218223495,0.841898310582308,0.39984487606636354,-4.591389039979845,11.50597870321861
