,Coef.,Std.Err.,z,P>|z|,[0.025,0.975]
const,0.005279231376828893,1.7271529607727785,0.00305660905358771,0.9975611826253205,-3.3798783675295376,3.3904368302831958
pbc,0.0,0.19649638705157568,0.006604491263785654,0.9947304166979559,-0.3838280830416834,0.3864236003849785
gender,0.0,0.37060744149458463,-0.911721579673707,0.3619153011040219,-1.0642680397301947,0.38848643573364744
age,0.0,0.014233178275437046,-0.9860266624172986,0.32412002935016637,-0.04193081007591412,0.013862223534874932
income,0.0,6.825574255576474e-05,-1.1940397008080381,0.2324624385991293,-0.00021527886356705256,5.227873072762098e-05
freq_work,0.4215262909064058,0.1264337574098546,3.333969499458622,0.000856160454321672,0.1737206799530166,0.669331901859795
bikelane,0.0,0.25591210228184497,0.6492417196751238,0.5161821494648582,-0.33542969030920555,0.6677273170514879
pedestz,0.0,45.308138511182605,-0.34660993406412344,0.7288843817676596,-104.5065705903993,73.09806878654096
park,0.0,1.827361838124424,0.5028632428571547,0.6150604255949566,-2.6626502896541244,4.500476489239442
