,Coef.,Std.Err.,t,P>|t|,[0.025,0.975],Resid.Std.,Avg.
const,4.327312430039235,0.1802084572429131,24.012815470731255,2.5981501637533238e-58,3.9717459924526404,4.68287886762583,0.6375777593139856,4.184139784946237
gender,-0.09491992500248769,0.09560705295131333,-0.9928129993801237,0.3221192080364627,-0.28356067886138203,0.09372082885640667,0.6375777593139856,4.184139784946237
age,-0.004417070333863843,0.0032913395284238523,-1.3420281607893179,0.1812586775135517,-0.010911159950491071,0.002077019282763384,0.6375777593139856,4.184139784946237
income,2.7800838571857178e-05,1.860943914436219e-05,1.4939106093522203,0.13693065980376196,-8.917149491966711e-06,6.451882663568107e-05,0.6375777593139856,4.184139784946237
